Medication_ID,Medication_Name,Type,Dosage,Price_Per_Unit,Manufacturer
M0001,Med_1,Antibiotic,161,79.98,Pharma_A
M0002,Med_2,Antipyretic,457,40.54,Pharma_B
M0003,Med_3,Antipyretic,215,87.19,Pharma_C
M0004,Med_4,Antibiotic,197,61.63,Pharma_D
M0005,Med_5,Antibiotic,221,54.42,Pharma_E
M0006,Med_6,Antibiotic,157,67.49,Pharma_F
M0007,Med_7,Antiseptic,110,92.34,Pharma_G
M0008,Med_8,Antibiotic,426,85.08,Pharma_H
M0009,Med_9,Antipyretic,308,94.56,Pharma_I
M0010,Med_10,Antiseptic,467,24.42,Pharma_J
M0011,Med_11,Analgesic,143,62.73,Pharma_K
M0012,Med_12,Analgesic,161,67.46,Pharma_L
M0013,Med_13,Analgesic,435,23.04,Pharma_M
M0014,Med_14,Antipyretic,392,7.32,Pharma_N
M0015,Med_15,Antiseptic,67,52.87,Pharma_O
M0016,Med_16,Antiseptic,461,23.9,Pharma_P
M0017,Med_17,Antibiotic,109,23.19,Pharma_Q
M0018,Med_18,Analgesic,290,90.11,Pharma_R
M0019,Med_19,Analgesic,240,47.67,Pharma_S
M0020,Med_20,Antiseptic,421,46.01,Pharma_T
M0021,Med_21,Antiseptic,152,95.01,Pharma_U
M0022,Med_22,Antiseptic,305,36.59,Pharma_V
M0023,Med_23,Analgesic,81,73.12,Pharma_W
M0024,Med_24,Antibiotic,124,82.7,Pharma_X
M0025,Med_25,Analgesic,191,28.83,Pharma_Y
M0026,Med_26,Antipyretic,400,40.44,Pharma_Z
M0027,Med_27,Antibiotic,243,53.23,Pharma_A
M0028,Med_28,Antiseptic,391,9.83,Pharma_B
M0029,Med_29,Antibiotic,198,22.85,Pharma_C
M0030,Med_30,Antiseptic,152,16.55,Pharma_D
M0031,Med_31,Analgesic,158,39.31,Pharma_E
M0032,Med_32,Antibiotic,60,89.27,Pharma_F
M0033,Med_33,Antiseptic,292,5.84,Pharma_G
M0034,Med_34,Analgesic,200,65.76,Pharma_H
M0035,Med_35,Antiseptic,305,92.97,Pharma_I
M0036,Med_36,Antipyretic,92,21.62,Pharma_J
M0037,Med_37,Antipyretic,427,41.16,Pharma_K
M0038,Med_38,Antibiotic,420,38.98,Pharma_L
M0039,Med_39,Antiseptic,459,86.17,Pharma_M
M0040,Med_40,Antibiotic,417,27.58,Pharma_N
M0041,Med_41,Antibiotic,368,72.42,Pharma_O
M0042,Med_42,Analgesic,361,94.18,Pharma_P
M0043,Med_43,Antiseptic,459,72.9,Pharma_Q
M0044,Med_44,Antibiotic,196,21.17,Pharma_R
M0045,Med_45,Antibiotic,87,44.84,Pharma_S
M0046,Med_46,Antiseptic,323,77.01,Pharma_T
M0047,Med_47,Antipyretic,399,16.05,Pharma_U
M0048,Med_48,Analgesic,236,50.99,Pharma_V
M0049,Med_49,Antipyretic,370,36,Pharma_W
M0050,Med_50,Antipyretic,69,6.6,Pharma_X
M0051,Med_51,Antibiotic,237,7.2,Pharma_Y
M0052,Med_52,Antibiotic,128,43.25,Pharma_Z
M0053,Med_53,Antipyretic,475,15.45,Pharma_A
M0054,Med_54,Antipyretic,396,66.17,Pharma_B
M0055,Med_55,Antibiotic,189,85.73,Pharma_C
M0056,Med_56,Antibiotic,398,79.33,Pharma_D
M0057,Med_57,Antipyretic,500,58.78,Pharma_E
M0058,Med_58,Analgesic,324,53.95,Pharma_F
M0059,Med_59,Antiseptic,382,87.98,Pharma_G
M0060,Med_60,Antiseptic,292,67.99,Pharma_H
M0061,Med_61,Antipyretic,176,65.33,Pharma_I
M0062,Med_62,Analgesic,348,33.53,Pharma_J
M0063,Med_63,Antibiotic,168,88.49,Pharma_K
M0064,Med_64,Analgesic,349,27.05,Pharma_L
M0065,Med_65,Antipyretic,301,39.04,Pharma_M
M0066,Med_66,Analgesic,370,8.94,Pharma_N
M0067,Med_67,Antipyretic,59,7.21,Pharma_O
M0068,Med_68,Antiseptic,317,48.05,Pharma_P
M0069,Med_69,Antibiotic,149,78.94,Pharma_Q
M0070,Med_70,Antipyretic,84,26.4,Pharma_R
M0071,Med_71,Analgesic,66,33.27,Pharma_S
M0072,Med_72,Antibiotic,159,63.05,Pharma_T
M0073,Med_73,Antiseptic,86,69.12,Pharma_U
M0074,Med_74,Antiseptic,365,57.58,Pharma_V
M0075,Med_75,Antibiotic,475,83.18,Pharma_W
M0076,Med_76,Antibiotic,123,45.3,Pharma_X
M0077,Med_77,Antipyretic,346,64.89,Pharma_Y
M0078,Med_78,Antibiotic,263,75,Pharma_Z
M0079,Med_79,Analgesic,277,53.86,Pharma_A
M0080,Med_80,Antipyretic,161,46.03,Pharma_B
M0081,Med_81,Antipyretic,85,70.12,Pharma_C
M0082,Med_82,Analgesic,230,77.95,Pharma_D
M0083,Med_83,Antipyretic,56,54.9,Pharma_E
M0084,Med_84,Antiseptic,83,21.41,Pharma_F
M0085,Med_85,Analgesic,431,57.73,Pharma_G
M0086,Med_86,Antiseptic,259,24.85,Pharma_H
M0087,Med_87,Antiseptic,218,20.66,Pharma_I
M0088,Med_88,Antiseptic,207,26.6,Pharma_J
M0089,Med_89,Antiseptic,57,78.06,Pharma_K
M0090,Med_90,Antipyretic,387,21.64,Pharma_L
M0091,Med_91,Antiseptic,451,39.86,Pharma_M
M0092,Med_92,Antibiotic,386,64.39,Pharma_N
M0093,Med_93,Antipyretic,128,27.87,Pharma_O
M0094,Med_94,Antipyretic,232,27.6,Pharma_P
M0095,Med_95,Antipyretic,250,51,Pharma_Q
M0096,Med_96,Antiseptic,235,75.46,Pharma_R
M0097,Med_97,Analgesic,244,13.11,Pharma_S
M0098,Med_98,Analgesic,237,75.07,Pharma_T
M0099,Med_99,Antipyretic,373,20.68,Pharma_U
M0100,Med_100,Analgesic,73,49.25,Pharma_V
M0101,Med_101,Antibiotic,431,35.47,Pharma_W
M0102,Med_102,Antibiotic,402,68.17,Pharma_X
M0103,Med_103,Antipyretic,99,8.65,Pharma_Y
M0104,Med_104,Analgesic,322,95.95,Pharma_Z
M0105,Med_105,Antibiotic,153,92.52,Pharma_A
M0106,Med_106,Antipyretic,423,77.82,Pharma_B
M0107,Med_107,Antiseptic,338,56.99,Pharma_C
M0108,Med_108,Antipyretic,222,7.29,Pharma_D
M0109,Med_109,Antibiotic,425,81.58,Pharma_E
M0110,Med_110,Antibiotic,77,46.38,Pharma_F
M0111,Med_111,Antibiotic,306,76.29,Pharma_G
M0112,Med_112,Antipyretic,362,62.02,Pharma_H
M0113,Med_113,Antipyretic,280,76.62,Pharma_I
M0114,Med_114,Analgesic,191,23.08,Pharma_J
M0115,Med_115,Antipyretic,156,37.91,Pharma_K
M0116,Med_116,Antipyretic,429,59.49,Pharma_L
M0117,Med_117,Antibiotic,155,43.86,Pharma_M
M0118,Med_118,Antibiotic,384,68.29,Pharma_N
M0119,Med_119,Antipyretic,386,97.31,Pharma_O
M0120,Med_120,Antipyretic,261,49.32,Pharma_P
M0121,Med_121,Antiseptic,433,88.45,Pharma_Q
M0122,Med_122,Antiseptic,139,86.13,Pharma_R
M0123,Med_123,Antiseptic,307,56.07,Pharma_S
M0124,Med_124,Antipyretic,118,8.44,Pharma_T
M0125,Med_125,Antiseptic,323,20.34,Pharma_U
M0126,Med_126,Antipyretic,357,79.73,Pharma_V
M0127,Med_127,Antiseptic,249,46.71,Pharma_W
M0128,Med_128,Analgesic,494,56.26,Pharma_X
M0129,Med_129,Analgesic,112,33.51,Pharma_Y
M0130,Med_130,Analgesic,401,34.64,Pharma_Z
M0131,Med_131,Antipyretic,226,34.38,Pharma_A
M0132,Med_132,Antiseptic,296,68.85,Pharma_B
M0133,Med_133,Antipyretic,329,59.88,Pharma_C
M0134,Med_134,Antibiotic,347,55.26,Pharma_D
M0135,Med_135,Antiseptic,146,91.72,Pharma_E
M0136,Med_136,Analgesic,121,17.3,Pharma_F
M0137,Med_137,Antibiotic,444,54.86,Pharma_G
M0138,Med_138,Analgesic,57,71.16,Pharma_H
M0139,Med_139,Antibiotic,249,9.04,Pharma_I
M0140,Med_140,Antipyretic,73,9.97,Pharma_J
M0141,Med_141,Antiseptic,277,72.1,Pharma_K
M0142,Med_142,Antiseptic,121,78.12,Pharma_L
M0143,Med_143,Antipyretic,444,89.3,Pharma_M
M0144,Med_144,Antiseptic,178,47.24,Pharma_N
M0145,Med_145,Analgesic,246,34.92,Pharma_O
M0146,Med_146,Antiseptic,449,7.95,Pharma_P
M0147,Med_147,Antiseptic,491,76.28,Pharma_Q
M0148,Med_148,Analgesic,186,47.59,Pharma_R
M0149,Med_149,Antiseptic,180,7.21,Pharma_S
M0150,Med_150,Antipyretic,225,12.1,Pharma_T
M0151,Med_151,Analgesic,452,16.32,Pharma_U
M0152,Med_152,Analgesic,156,79.53,Pharma_V
M0153,Med_153,Antiseptic,289,67.16,Pharma_W
M0154,Med_154,Analgesic,306,50.59,Pharma_X
M0155,Med_155,Antibiotic,207,84.15,Pharma_Y
M0156,Med_156,Antipyretic,314,92.36,Pharma_Z
M0157,Med_157,Antibiotic,164,83.13,Pharma_A
M0158,Med_158,Analgesic,364,87.21,Pharma_B
M0159,Med_159,Antipyretic,427,35.68,Pharma_C
M0160,Med_160,Analgesic,96,41.47,Pharma_D
M0161,Med_161,Analgesic,436,10.82,Pharma_E
M0162,Med_162,Analgesic,221,67.61,Pharma_F
M0163,Med_163,Analgesic,189,29.06,Pharma_G
M0164,Med_164,Antipyretic,248,84.96,Pharma_H
M0165,Med_165,Antipyretic,154,75.69,Pharma_I
M0166,Med_166,Analgesic,445,22.35,Pharma_J
M0167,Med_167,Antipyretic,188,96.42,Pharma_K
M0168,Med_168,Antiseptic,145,63.67,Pharma_L
M0169,Med_169,Analgesic,229,41.92,Pharma_M
M0170,Med_170,Antiseptic,168,14.39,Pharma_N
M0171,Med_171,Antiseptic,388,70.43,Pharma_O
M0172,Med_172,Antiseptic,93,64.98,Pharma_P
M0173,Med_173,Antipyretic,327,52.36,Pharma_Q
M0174,Med_174,Antibiotic,207,49.4,Pharma_R
M0175,Med_175,Antiseptic,382,32.98,Pharma_S
M0176,Med_176,Antiseptic,381,80.46,Pharma_T
M0177,Med_177,Antipyretic,69,45.48,Pharma_U
M0178,Med_178,Antiseptic,192,42.16,Pharma_V
M0179,Med_179,Antibiotic,86,60.57,Pharma_W
M0180,Med_180,Analgesic,223,85.72,Pharma_X
M0181,Med_181,Analgesic,277,50.02,Pharma_Y
M0182,Med_182,Antipyretic,446,69.79,Pharma_Z
M0183,Med_183,Antiseptic,230,68.78,Pharma_A
M0184,Med_184,Antibiotic,305,5.09,Pharma_B
M0185,Med_185,Antibiotic,71,6.89,Pharma_C
M0186,Med_186,Antibiotic,320,61.71,Pharma_D
M0187,Med_187,Antiseptic,135,81.12,Pharma_E
M0188,Med_188,Antipyretic,191,48.19,Pharma_F
M0189,Med_189,Antiseptic,117,38.56,Pharma_G
M0190,Med_190,Analgesic,143,70.13,Pharma_H
M0191,Med_191,Antipyretic,161,79.34,Pharma_I
M0192,Med_192,Antipyretic,75,97,Pharma_J
M0193,Med_193,Antipyretic,293,46.11,Pharma_K
M0194,Med_194,Analgesic,327,40.52,Pharma_L
M0195,Med_195,Antibiotic,458,16.12,Pharma_M
M0196,Med_196,Antipyretic,171,67.71,Pharma_N
M0197,Med_197,Antipyretic,476,69.84,Pharma_O
M0198,Med_198,Antiseptic,262,59.25,Pharma_P
M0199,Med_199,Analgesic,483,89.48,Pharma_Q
M0200,Med_200,Antiseptic,214,77.41,Pharma_R
M0201,Med_201,Antipyretic,365,89.57,Pharma_S
M0202,Med_202,Analgesic,318,45.25,Pharma_T
M0203,Med_203,Analgesic,102,11.96,Pharma_U
M0204,Med_204,Antipyretic,179,24.15,Pharma_V
M0205,Med_205,Antipyretic,325,71.7,Pharma_W
M0206,Med_206,Analgesic,70,47.37,Pharma_X
M0207,Med_207,Antipyretic,378,51.63,Pharma_Y
M0208,Med_208,Antipyretic,75,40.31,Pharma_Z
M0209,Med_209,Antipyretic,329,44.09,Pharma_A
M0210,Med_210,Antipyretic,248,60.14,Pharma_B
M0211,Med_211,Antiseptic,330,35.78,Pharma_C
M0212,Med_212,Analgesic,462,27.34,Pharma_D
M0213,Med_213,Analgesic,193,10.8,Pharma_E
M0214,Med_214,Antiseptic,174,47.16,Pharma_F
M0215,Med_215,Antibiotic,133,98.12,Pharma_G
M0216,Med_216,Analgesic,429,16.35,Pharma_H
M0217,Med_217,Antibiotic,207,69.6,Pharma_I
M0218,Med_218,Antipyretic,66,49.92,Pharma_J
M0219,Med_219,Antiseptic,242,32.7,Pharma_K
M0220,Med_220,Analgesic,364,34.45,Pharma_L
M0221,Med_221,Analgesic,390,43.74,Pharma_M
M0222,Med_222,Antibiotic,334,27.89,Pharma_N
M0223,Med_223,Analgesic,215,86.35,Pharma_O
M0224,Med_224,Analgesic,301,45.58,Pharma_P
M0225,Med_225,Antipyretic,174,34.31,Pharma_Q
M0226,Med_226,Antibiotic,378,63.32,Pharma_R
M0227,Med_227,Analgesic,333,50.93,Pharma_S
M0228,Med_228,Antipyretic,412,87.77,Pharma_T
M0229,Med_229,Antiseptic,410,38.85,Pharma_U
M0230,Med_230,Antiseptic,483,10.34,Pharma_V
M0231,Med_231,Antibiotic,93,17.05,Pharma_W
M0232,Med_232,Antiseptic,427,7.21,Pharma_X
M0233,Med_233,Antibiotic,354,33.52,Pharma_Y
M0234,Med_234,Antiseptic,375,19.7,Pharma_Z
M0235,Med_235,Antipyretic,424,67.56,Pharma_A
M0236,Med_236,Analgesic,491,49.56,Pharma_B
M0237,Med_237,Antipyretic,395,89.82,Pharma_C
M0238,Med_238,Antipyretic,328,61.79,Pharma_D
M0239,Med_239,Antiseptic,85,24.42,Pharma_E
M0240,Med_240,Antipyretic,151,26.29,Pharma_F
M0241,Med_241,Analgesic,145,49.19,Pharma_G
M0242,Med_242,Antipyretic,407,80.27,Pharma_H
M0243,Med_243,Antiseptic,371,48.73,Pharma_I
M0244,Med_244,Antiseptic,227,42.26,Pharma_J
M0245,Med_245,Analgesic,119,67.58,Pharma_K
M0246,Med_246,Antipyretic,409,6.16,Pharma_L
M0247,Med_247,Antiseptic,201,35.35,Pharma_M
M0248,Med_248,Analgesic,490,83.97,Pharma_N
M0249,Med_249,Antibiotic,389,13.76,Pharma_O
M0250,Med_250,Analgesic,267,40.98,Pharma_P
M0251,Med_251,Antiseptic,401,17.41,Pharma_Q
M0252,Med_252,Antipyretic,138,91.65,Pharma_R
M0253,Med_253,Antiseptic,177,51.28,Pharma_S
M0254,Med_254,Antiseptic,352,42.11,Pharma_T
M0255,Med_255,Analgesic,161,33.44,Pharma_U
M0256,Med_256,Antiseptic,128,22.36,Pharma_V
M0257,Med_257,Analgesic,396,11.22,Pharma_W
M0258,Med_258,Antiseptic,98,77.41,Pharma_X
M0259,Med_259,Analgesic,165,19.72,Pharma_Y
M0260,Med_260,Analgesic,78,74.17,Pharma_Z
M0261,Med_261,Antibiotic,223,96.42,Pharma_A
M0262,Med_262,Antipyretic,408,81,Pharma_B
M0263,Med_263,Antibiotic,152,88.91,Pharma_C
M0264,Med_264,Antiseptic,429,43,Pharma_D
M0265,Med_265,Analgesic,493,35.67,Pharma_E
M0266,Med_266,Antibiotic,272,52.99,Pharma_F
M0267,Med_267,Antibiotic,438,78.36,Pharma_G
M0268,Med_268,Antibiotic,194,90.4,Pharma_H
M0269,Med_269,Antibiotic,225,98.92,Pharma_I
M0270,Med_270,Antibiotic,148,47.89,Pharma_J
M0271,Med_271,Antibiotic,68,76.24,Pharma_K
M0272,Med_272,Antipyretic,429,9.11,Pharma_L
M0273,Med_273,Analgesic,337,8.62,Pharma_M
M0274,Med_274,Antipyretic,109,62.7,Pharma_N
M0275,Med_275,Antipyretic,51,71.59,Pharma_O
M0276,Med_276,Analgesic,94,61.07,Pharma_P
M0277,Med_277,Analgesic,454,58.88,Pharma_Q
M0278,Med_278,Antipyretic,172,40.05,Pharma_R
M0279,Med_279,Antiseptic,317,62,Pharma_S
M0280,Med_280,Antipyretic,421,83.41,Pharma_T
M0281,Med_281,Antibiotic,104,98.8,Pharma_U
M0282,Med_282,Antipyretic,420,97.06,Pharma_V
M0283,Med_283,Antibiotic,234,67.23,Pharma_W
M0284,Med_284,Analgesic,183,10.05,Pharma_X
M0285,Med_285,Analgesic,445,52.19,Pharma_Y
M0286,Med_286,Antipyretic,111,83.03,Pharma_Z
M0287,Med_287,Antiseptic,392,62.44,Pharma_A
M0288,Med_288,Antibiotic,194,10.12,Pharma_B
M0289,Med_289,Antibiotic,488,74.74,Pharma_C
M0290,Med_290,Antipyretic,267,96.31,Pharma_D
M0291,Med_291,Analgesic,460,73.93,Pharma_E
M0292,Med_292,Antiseptic,224,30.03,Pharma_F
M0293,Med_293,Antipyretic,79,80.6,Pharma_G
M0294,Med_294,Analgesic,398,96.62,Pharma_H
M0295,Med_295,Analgesic,173,62.28,Pharma_I
M0296,Med_296,Antipyretic,396,64.22,Pharma_J
M0297,Med_297,Antiseptic,401,74.8,Pharma_K
M0298,Med_298,Antipyretic,139,81.99,Pharma_L
M0299,Med_299,Analgesic,103,16.24,Pharma_M
M0300,Med_300,Antiseptic,71,68.94,Pharma_N
M0301,Med_301,Antibiotic,284,6.71,Pharma_O
M0302,Med_302,Antipyretic,443,74.94,Pharma_P
M0303,Med_303,Analgesic,206,70.47,Pharma_Q
M0304,Med_304,Antibiotic,118,92.39,Pharma_R
M0305,Med_305,Antipyretic,61,75.63,Pharma_S
M0306,Med_306,Antipyretic,381,11.01,Pharma_T
M0307,Med_307,Antipyretic,138,44.04,Pharma_U
M0308,Med_308,Antiseptic,155,28.28,Pharma_V
M0309,Med_309,Antibiotic,94,58.47,Pharma_W
M0310,Med_310,Analgesic,251,72.71,Pharma_X
M0311,Med_311,Antibiotic,309,41.76,Pharma_Y
M0312,Med_312,Antiseptic,137,31.8,Pharma_Z
M0313,Med_313,Antipyretic,347,78.86,Pharma_A
M0314,Med_314,Analgesic,305,20.01,Pharma_B
M0315,Med_315,Antiseptic,169,19.61,Pharma_C
M0316,Med_316,Antibiotic,436,23.68,Pharma_D
M0317,Med_317,Analgesic,455,99.41,Pharma_E
M0318,Med_318,Analgesic,175,37.77,Pharma_F
M0319,Med_319,Antiseptic,361,42.52,Pharma_G
M0320,Med_320,Antipyretic,207,42.89,Pharma_H
M0321,Med_321,Antiseptic,422,51.74,Pharma_I
M0322,Med_322,Antiseptic,432,54.58,Pharma_J
M0323,Med_323,Antiseptic,75,39.64,Pharma_K
M0324,Med_324,Analgesic,272,32.26,Pharma_L
M0325,Med_325,Antibiotic,134,67.64,Pharma_M
M0326,Med_326,Antiseptic,399,93.07,Pharma_N
M0327,Med_327,Antibiotic,207,90.92,Pharma_O
M0328,Med_328,Antiseptic,97,68.89,Pharma_P
M0329,Med_329,Antipyretic,450,18.96,Pharma_Q
M0330,Med_330,Analgesic,200,50.98,Pharma_R
M0331,Med_331,Antiseptic,116,60.89,Pharma_S
M0332,Med_332,Analgesic,320,56.94,Pharma_T
M0333,Med_333,Antipyretic,374,98.82,Pharma_U
M0334,Med_334,Analgesic,377,11.97,Pharma_V
M0335,Med_335,Antiseptic,402,53.28,Pharma_W
M0336,Med_336,Antiseptic,249,22.54,Pharma_X
M0337,Med_337,Antipyretic,187,93.22,Pharma_Y
M0338,Med_338,Analgesic,113,71.13,Pharma_Z
M0339,Med_339,Analgesic,272,32.18,Pharma_A
M0340,Med_340,Antiseptic,310,60.13,Pharma_B
M0341,Med_341,Antipyretic,361,12.46,Pharma_C
M0342,Med_342,Antibiotic,82,14.44,Pharma_D
M0343,Med_343,Antipyretic,167,6.23,Pharma_E
M0344,Med_344,Antibiotic,56,72.08,Pharma_F
M0345,Med_345,Antipyretic,317,84.94,Pharma_G
M0346,Med_346,Analgesic,408,29.65,Pharma_H
M0347,Med_347,Antiseptic,232,25.36,Pharma_I
M0348,Med_348,Antipyretic,153,99.71,Pharma_J
M0349,Med_349,Analgesic,307,95.84,Pharma_K
M0350,Med_350,Antiseptic,85,39.94,Pharma_L
M0351,Med_351,Antipyretic,60,70.6,Pharma_M
M0352,Med_352,Antibiotic,187,24.51,Pharma_N
M0353,Med_353,Antibiotic,363,81.56,Pharma_O
M0354,Med_354,Antipyretic,420,39.84,Pharma_P
M0355,Med_355,Antipyretic,444,69.29,Pharma_Q
M0356,Med_356,Antibiotic,112,35.34,Pharma_R
M0357,Med_357,Antiseptic,400,65.42,Pharma_S
M0358,Med_358,Antiseptic,322,87.16,Pharma_T
M0359,Med_359,Antipyretic,292,88.45,Pharma_U
M0360,Med_360,Antiseptic,224,95.1,Pharma_V
M0361,Med_361,Antipyretic,277,22.8,Pharma_W
M0362,Med_362,Antipyretic,433,34.36,Pharma_X
M0363,Med_363,Antibiotic,264,34.75,Pharma_Y
M0364,Med_364,Analgesic,369,13.22,Pharma_Z
M0365,Med_365,Antibiotic,187,57.95,Pharma_A
M0366,Med_366,Antiseptic,136,54.09,Pharma_B
M0367,Med_367,Antibiotic,455,46.58,Pharma_C
M0368,Med_368,Antipyretic,241,33.36,Pharma_D
M0369,Med_369,Antibiotic,345,49.75,Pharma_E
M0370,Med_370,Antibiotic,267,54.62,Pharma_F
M0371,Med_371,Antipyretic,404,8.01,Pharma_G
M0372,Med_372,Analgesic,428,38.09,Pharma_H
M0373,Med_373,Analgesic,72,56.52,Pharma_I
M0374,Med_374,Antibiotic,174,77.44,Pharma_J
M0375,Med_375,Antibiotic,115,53.13,Pharma_K
M0376,Med_376,Analgesic,59,16.12,Pharma_L
M0377,Med_377,Antipyretic,317,7.55,Pharma_M
M0378,Med_378,Antipyretic,246,40.85,Pharma_N
M0379,Med_379,Antibiotic,371,51.2,Pharma_O
M0380,Med_380,Analgesic,164,37.42,Pharma_P
M0381,Med_381,Antiseptic,202,9.55,Pharma_Q
M0382,Med_382,Antipyretic,312,62.1,Pharma_R
M0383,Med_383,Antiseptic,381,39.92,Pharma_S
M0384,Med_384,Antibiotic,301,19.2,Pharma_T
M0385,Med_385,Analgesic,439,73.78,Pharma_U
M0386,Med_386,Antiseptic,355,54.09,Pharma_V
M0387,Med_387,Antibiotic,486,39.96,Pharma_W
M0388,Med_388,Antiseptic,169,82.51,Pharma_X
M0389,Med_389,Antipyretic,305,16.34,Pharma_Y
M0390,Med_390,Analgesic,294,40.49,Pharma_Z
M0391,Med_391,Analgesic,331,57.7,Pharma_A
M0392,Med_392,Analgesic,433,26.47,Pharma_B
M0393,Med_393,Analgesic,223,95.85,Pharma_C
M0394,Med_394,Analgesic,229,76.66,Pharma_D
M0395,Med_395,Antiseptic,326,51.05,Pharma_E
M0396,Med_396,Antibiotic,117,94.68,Pharma_F
M0397,Med_397,Antipyretic,146,73.04,Pharma_G
M0398,Med_398,Antiseptic,346,91.45,Pharma_H
M0399,Med_399,Antiseptic,463,16.49,Pharma_I
M0400,Med_400,Antiseptic,292,24.93,Pharma_J
M0401,Med_401,Antipyretic,207,31.8,Pharma_K
M0402,Med_402,Antibiotic,195,38.64,Pharma_L
M0403,Med_403,Antiseptic,250,41,Pharma_M
M0404,Med_404,Antiseptic,430,19.37,Pharma_N
M0405,Med_405,Antibiotic,183,86.99,Pharma_O
M0406,Med_406,Antiseptic,341,76.45,Pharma_P
M0407,Med_407,Analgesic,462,70.82,Pharma_Q
M0408,Med_408,Analgesic,494,86.05,Pharma_R
M0409,Med_409,Antibiotic,155,39.12,Pharma_S
M0410,Med_410,Antipyretic,425,56.62,Pharma_T
M0411,Med_411,Antiseptic,247,37.8,Pharma_U
M0412,Med_412,Analgesic,164,57.3,Pharma_V
M0413,Med_413,Analgesic,262,69.62,Pharma_W
M0414,Med_414,Antiseptic,216,53.5,Pharma_X
M0415,Med_415,Antipyretic,107,91.28,Pharma_Y
M0416,Med_416,Antibiotic,120,80.12,Pharma_Z
M0417,Med_417,Antipyretic,416,62.37,Pharma_A
M0418,Med_418,Antiseptic,158,44.03,Pharma_B
M0419,Med_419,Antipyretic,188,54.98,Pharma_C
M0420,Med_420,Analgesic,320,7.41,Pharma_D
M0421,Med_421,Antipyretic,345,52.78,Pharma_E
M0422,Med_422,Antipyretic,339,45.26,Pharma_F
M0423,Med_423,Antiseptic,398,65.8,Pharma_G
M0424,Med_424,Antibiotic,433,12.39,Pharma_H
M0425,Med_425,Antiseptic,77,72.29,Pharma_I
M0426,Med_426,Antiseptic,191,87.72,Pharma_J
M0427,Med_427,Antiseptic,356,78.4,Pharma_K
M0428,Med_428,Antipyretic,452,50.79,Pharma_L
M0429,Med_429,Antibiotic,167,42.12,Pharma_M
M0430,Med_430,Antibiotic,451,61.44,Pharma_N
M0431,Med_431,Antipyretic,152,54.32,Pharma_O
M0432,Med_432,Analgesic,453,65.36,Pharma_P
M0433,Med_433,Antiseptic,441,50.03,Pharma_Q
M0434,Med_434,Antibiotic,137,30.03,Pharma_R
M0435,Med_435,Antipyretic,193,49.83,Pharma_S
M0436,Med_436,Antiseptic,260,88.29,Pharma_T
M0437,Med_437,Antiseptic,375,61.67,Pharma_U
M0438,Med_438,Antiseptic,297,25.36,Pharma_V
M0439,Med_439,Analgesic,81,97.2,Pharma_W
M0440,Med_440,Analgesic,383,76.6,Pharma_X
M0441,Med_441,Antiseptic,497,60.42,Pharma_Y
M0442,Med_442,Antiseptic,230,57.97,Pharma_Z
M0443,Med_443,Antipyretic,264,71.1,Pharma_A
M0444,Med_444,Antipyretic,186,72.27,Pharma_B
M0445,Med_445,Antiseptic,381,91.91,Pharma_C
M0446,Med_446,Antibiotic,103,27.29,Pharma_D
M0447,Med_447,Antibiotic,251,77.56,Pharma_E
M0448,Med_448,Analgesic,143,77.82,Pharma_F
M0449,Med_449,Antiseptic,205,46.48,Pharma_G
M0450,Med_450,Antibiotic,365,83.23,Pharma_H
M0451,Med_451,Antipyretic,190,37.94,Pharma_I
M0452,Med_452,Analgesic,331,35.79,Pharma_J
M0453,Med_453,Antibiotic,199,76.07,Pharma_K
M0454,Med_454,Antibiotic,79,32.06,Pharma_L
M0455,Med_455,Analgesic,293,36.3,Pharma_M
M0456,Med_456,Antibiotic,140,64.02,Pharma_N
M0457,Med_457,Antipyretic,418,37.28,Pharma_O
M0458,Med_458,Antibiotic,258,22.45,Pharma_P
M0459,Med_459,Antiseptic,202,20.78,Pharma_Q
M0460,Med_460,Antipyretic,388,5.16,Pharma_R
M0461,Med_461,Analgesic,311,46.09,Pharma_S
M0462,Med_462,Antibiotic,169,19.92,Pharma_T
M0463,Med_463,Antibiotic,137,81.93,Pharma_U
M0464,Med_464,Antiseptic,462,84.3,Pharma_V
M0465,Med_465,Antipyretic,136,5.79,Pharma_W
M0466,Med_466,Antipyretic,375,15.07,Pharma_X
M0467,Med_467,Antiseptic,240,46.87,Pharma_Y
M0468,Med_468,Antibiotic,264,5.61,Pharma_Z
M0469,Med_469,Antibiotic,272,98.53,Pharma_A
M0470,Med_470,Antiseptic,372,99.01,Pharma_B
M0471,Med_471,Antibiotic,427,51.31,Pharma_C
M0472,Med_472,Antiseptic,77,84.69,Pharma_D
M0473,Med_473,Antiseptic,403,6.9,Pharma_E
M0474,Med_474,Antiseptic,130,42.54,Pharma_F
M0475,Med_475,Antibiotic,78,22.29,Pharma_G
M0476,Med_476,Antiseptic,188,41.36,Pharma_H
M0477,Med_477,Analgesic,106,11.45,Pharma_I
M0478,Med_478,Antibiotic,427,71.92,Pharma_J
M0479,Med_479,Antipyretic,393,65.03,Pharma_K
M0480,Med_480,Antiseptic,248,49.7,Pharma_L
M0481,Med_481,Analgesic,332,65.34,Pharma_M
M0482,Med_482,Antiseptic,488,81.56,Pharma_N
M0483,Med_483,Antibiotic,282,62.86,Pharma_O
M0484,Med_484,Antibiotic,338,99.45,Pharma_P
M0485,Med_485,Antipyretic,361,16.63,Pharma_Q
M0486,Med_486,Analgesic,217,89.58,Pharma_R
M0487,Med_487,Antipyretic,353,72.95,Pharma_S
M0488,Med_488,Antipyretic,108,21.61,Pharma_T
M0489,Med_489,Analgesic,375,91.37,Pharma_U
M0490,Med_490,Antipyretic,160,88.23,Pharma_V
M0491,Med_491,Antibiotic,255,34.81,Pharma_W
M0492,Med_492,Analgesic,413,52.44,Pharma_X
M0493,Med_493,Antiseptic,274,34.98,Pharma_Y
M0494,Med_494,Analgesic,66,60.16,Pharma_Z
M0495,Med_495,Antipyretic,97,16.92,Pharma_A
M0496,Med_496,Analgesic,500,63.11,Pharma_B
M0497,Med_497,Antipyretic,500,8.66,Pharma_C
M0498,Med_498,Analgesic,79,86.14,Pharma_D
M0499,Med_499,Antipyretic,444,53.02,Pharma_E
M0500,Med_500,Antipyretic,148,92.04,Pharma_F
M0501,Med_501,Antibiotic,308,72.53,Pharma_G
M0502,Med_502,Analgesic,407,28.23,Pharma_H
M0503,Med_503,Analgesic,74,54.28,Pharma_I
M0504,Med_504,Antipyretic,463,5.69,Pharma_J
M0505,Med_505,Antiseptic,136,7.51,Pharma_K
M0506,Med_506,Antibiotic,294,34.43,Pharma_L
M0507,Med_507,Antiseptic,396,46.9,Pharma_M
M0508,Med_508,Antipyretic,418,75.19,Pharma_N
M0509,Med_509,Antibiotic,405,15.66,Pharma_O
M0510,Med_510,Antipyretic,223,33.12,Pharma_P
M0511,Med_511,Antipyretic,397,75.61,Pharma_Q
M0512,Med_512,Antiseptic,388,16.66,Pharma_R
M0513,Med_513,Antibiotic,407,66.45,Pharma_S
M0514,Med_514,Antipyretic,85,52.72,Pharma_T
M0515,Med_515,Antiseptic,264,92.71,Pharma_U
M0516,Med_516,Antibiotic,420,34.87,Pharma_V
M0517,Med_517,Analgesic,392,64.41,Pharma_W
M0518,Med_518,Analgesic,421,82.5,Pharma_X
M0519,Med_519,Antipyretic,409,35.39,Pharma_Y
M0520,Med_520,Analgesic,227,8.08,Pharma_Z
M0521,Med_521,Antipyretic,172,61.95,Pharma_A
M0522,Med_522,Antiseptic,486,90.48,Pharma_B
M0523,Med_523,Antipyretic,118,79.48,Pharma_C
M0524,Med_524,Antiseptic,486,63.13,Pharma_D
M0525,Med_525,Analgesic,448,13.68,Pharma_E
M0526,Med_526,Analgesic,452,5.09,Pharma_F
M0527,Med_527,Analgesic,333,73.12,Pharma_G
M0528,Med_528,Antibiotic,458,36.3,Pharma_H
M0529,Med_529,Antiseptic,456,41.94,Pharma_I
M0530,Med_530,Antibiotic,178,21.79,Pharma_J
M0531,Med_531,Antibiotic,108,68.27,Pharma_K
M0532,Med_532,Antiseptic,389,42.97,Pharma_L
M0533,Med_533,Antipyretic,408,40.01,Pharma_M
M0534,Med_534,Antiseptic,343,94.45,Pharma_N
M0535,Med_535,Antiseptic,257,57.42,Pharma_O
M0536,Med_536,Antiseptic,479,16.65,Pharma_P
M0537,Med_537,Analgesic,275,27.12,Pharma_Q
M0538,Med_538,Antipyretic,378,24.93,Pharma_R
M0539,Med_539,Antiseptic,149,74.55,Pharma_S
M0540,Med_540,Analgesic,215,19.58,Pharma_T
M0541,Med_541,Antibiotic,481,65.34,Pharma_U
M0542,Med_542,Antibiotic,432,97.05,Pharma_V
M0543,Med_543,Antipyretic,385,72.08,Pharma_W
M0544,Med_544,Antiseptic,428,47.24,Pharma_X
M0545,Med_545,Antibiotic,160,96.74,Pharma_Y
M0546,Med_546,Antiseptic,133,26.35,Pharma_Z
M0547,Med_547,Antipyretic,179,36.48,Pharma_A
M0548,Med_548,Analgesic,499,98.07,Pharma_B
M0549,Med_549,Antiseptic,380,41.22,Pharma_C
M0550,Med_550,Analgesic,420,32.37,Pharma_D
M0551,Med_551,Analgesic,123,59.54,Pharma_E
M0552,Med_552,Antibiotic,181,70.66,Pharma_F
M0553,Med_553,Analgesic,339,69.36,Pharma_G
M0554,Med_554,Antiseptic,156,28.74,Pharma_H
M0555,Med_555,Antibiotic,266,51.32,Pharma_I
M0556,Med_556,Analgesic,457,13.92,Pharma_J
M0557,Med_557,Antiseptic,329,83.9,Pharma_K
M0558,Med_558,Antipyretic,293,24.87,Pharma_L
M0559,Med_559,Antiseptic,203,44.81,Pharma_M
M0560,Med_560,Antibiotic,174,98.83,Pharma_N
M0561,Med_561,Antibiotic,495,97.7,Pharma_O
M0562,Med_562,Antibiotic,79,14.99,Pharma_P
M0563,Med_563,Antiseptic,225,69.66,Pharma_Q
M0564,Med_564,Analgesic,87,44.95,Pharma_R
M0565,Med_565,Analgesic,272,8.84,Pharma_S
M0566,Med_566,Antipyretic,197,59.7,Pharma_T
M0567,Med_567,Antiseptic,280,29.3,Pharma_U
M0568,Med_568,Antipyretic,93,11.53,Pharma_V
M0569,Med_569,Antiseptic,498,35.27,Pharma_W
M0570,Med_570,Antipyretic,330,58.86,Pharma_X
M0571,Med_571,Antibiotic,440,72.45,Pharma_Y
M0572,Med_572,Antipyretic,319,49.9,Pharma_Z
M0573,Med_573,Analgesic,165,53.59,Pharma_A
M0574,Med_574,Antipyretic,279,76.07,Pharma_B
M0575,Med_575,Analgesic,450,31.48,Pharma_C
M0576,Med_576,Antipyretic,278,81.41,Pharma_D
M0577,Med_577,Antibiotic,488,25.24,Pharma_E
M0578,Med_578,Antipyretic,495,77.43,Pharma_F
M0579,Med_579,Antibiotic,294,26.93,Pharma_G
M0580,Med_580,Antibiotic,450,40.69,Pharma_H
M0581,Med_581,Antiseptic,218,73.42,Pharma_I
M0582,Med_582,Analgesic,492,23.5,Pharma_J
M0583,Med_583,Antiseptic,302,63.38,Pharma_K
M0584,Med_584,Antiseptic,477,70.5,Pharma_L
M0585,Med_585,Antibiotic,441,41.88,Pharma_M
M0586,Med_586,Antiseptic,328,48.83,Pharma_N
M0587,Med_587,Antiseptic,92,43.87,Pharma_O
M0588,Med_588,Antibiotic,103,53.92,Pharma_P
M0589,Med_589,Antipyretic,92,98.12,Pharma_Q
M0590,Med_590,Antibiotic,53,23.51,Pharma_R
M0591,Med_591,Analgesic,129,94.34,Pharma_S
M0592,Med_592,Antiseptic,206,71.7,Pharma_T
M0593,Med_593,Antibiotic,97,69.03,Pharma_U
M0594,Med_594,Antipyretic,214,53.84,Pharma_V
M0595,Med_595,Antiseptic,416,36.65,Pharma_W
M0596,Med_596,Antipyretic,367,39.25,Pharma_X
M0597,Med_597,Antipyretic,449,70.41,Pharma_Y
M0598,Med_598,Antiseptic,308,7.83,Pharma_Z
M0599,Med_599,Antibiotic,220,33.62,Pharma_A
M0600,Med_600,Antiseptic,59,16.87,Pharma_B
M0601,Med_601,Analgesic,189,9.35,Pharma_C
M0602,Med_602,Antiseptic,131,8.49,Pharma_D
M0603,Med_603,Analgesic,301,78.62,Pharma_E
M0604,Med_604,Antiseptic,89,44.6,Pharma_F
M0605,Med_605,Analgesic,316,46.51,Pharma_G
M0606,Med_606,Analgesic,460,50.9,Pharma_H
M0607,Med_607,Analgesic,220,69.67,Pharma_I
M0608,Med_608,Analgesic,200,83.85,Pharma_J
M0609,Med_609,Analgesic,58,82.25,Pharma_K
M0610,Med_610,Antiseptic,267,88.15,Pharma_L
M0611,Med_611,Antipyretic,492,55.93,Pharma_M
M0612,Med_612,Antiseptic,415,52.47,Pharma_N
M0613,Med_613,Analgesic,71,47.58,Pharma_O
M0614,Med_614,Analgesic,261,49.46,Pharma_P
M0615,Med_615,Antiseptic,342,68.53,Pharma_Q
M0616,Med_616,Analgesic,349,28.48,Pharma_R
M0617,Med_617,Antibiotic,304,38,Pharma_S
M0618,Med_618,Antiseptic,274,69.89,Pharma_T
M0619,Med_619,Analgesic,275,9.97,Pharma_U
M0620,Med_620,Antibiotic,99,98.71,Pharma_V
M0621,Med_621,Analgesic,462,98.86,Pharma_W
M0622,Med_622,Antipyretic,310,70,Pharma_X
M0623,Med_623,Analgesic,88,73.97,Pharma_Y
M0624,Med_624,Analgesic,284,52.29,Pharma_Z
M0625,Med_625,Antiseptic,206,73.73,Pharma_A
M0626,Med_626,Antiseptic,97,69.85,Pharma_B
M0627,Med_627,Antiseptic,344,21.89,Pharma_C
M0628,Med_628,Analgesic,56,35.11,Pharma_D
M0629,Med_629,Analgesic,202,52.89,Pharma_E
M0630,Med_630,Antiseptic,65,70.08,Pharma_F
M0631,Med_631,Antipyretic,257,12.08,Pharma_G
M0632,Med_632,Antibiotic,264,69.43,Pharma_H
M0633,Med_633,Antiseptic,212,72.06,Pharma_I
M0634,Med_634,Analgesic,440,97.04,Pharma_J
M0635,Med_635,Antipyretic,446,54.88,Pharma_K
M0636,Med_636,Analgesic,179,85.26,Pharma_L
M0637,Med_637,Antiseptic,401,78.86,Pharma_M
M0638,Med_638,Analgesic,349,12.32,Pharma_N
M0639,Med_639,Antipyretic,206,55.11,Pharma_O
M0640,Med_640,Antiseptic,393,28.1,Pharma_P
M0641,Med_641,Analgesic,314,27.68,Pharma_Q
M0642,Med_642,Antipyretic,119,27.02,Pharma_R
M0643,Med_643,Antipyretic,62,39.92,Pharma_S
M0644,Med_644,Analgesic,185,52.14,Pharma_T
M0645,Med_645,Antiseptic,403,31.2,Pharma_U
M0646,Med_646,Antiseptic,401,49.67,Pharma_V
M0647,Med_647,Antiseptic,91,83.2,Pharma_W
M0648,Med_648,Analgesic,449,9.57,Pharma_X
M0649,Med_649,Antipyretic,234,98.59,Pharma_Y
M0650,Med_650,Analgesic,87,57.53,Pharma_Z
M0651,Med_651,Antibiotic,175,79.44,Pharma_A
M0652,Med_652,Analgesic,465,71.38,Pharma_B
M0653,Med_653,Antiseptic,437,90.34,Pharma_C
M0654,Med_654,Antibiotic,143,65.59,Pharma_D
M0655,Med_655,Antibiotic,436,93.77,Pharma_E
M0656,Med_656,Analgesic,58,70.57,Pharma_F
M0657,Med_657,Analgesic,102,25.22,Pharma_G
M0658,Med_658,Antibiotic,431,5.28,Pharma_H
M0659,Med_659,Antibiotic,256,11.72,Pharma_I
M0660,Med_660,Analgesic,332,68.9,Pharma_J
M0661,Med_661,Analgesic,440,90.65,Pharma_K
M0662,Med_662,Analgesic,406,99.93,Pharma_L
M0663,Med_663,Antibiotic,174,70.21,Pharma_M
M0664,Med_664,Antiseptic,68,85.91,Pharma_N
M0665,Med_665,Antibiotic,248,69.66,Pharma_O
M0666,Med_666,Antiseptic,469,76.37,Pharma_P
M0667,Med_667,Antibiotic,451,78.36,Pharma_Q
M0668,Med_668,Antipyretic,242,7.61,Pharma_R
M0669,Med_669,Analgesic,203,31.45,Pharma_S
M0670,Med_670,Analgesic,422,82.3,Pharma_T
M0671,Med_671,Analgesic,425,34.18,Pharma_U
M0672,Med_672,Antipyretic,235,44.42,Pharma_V
M0673,Med_673,Antipyretic,284,15.76,Pharma_W
M0674,Med_674,Antipyretic,313,60.02,Pharma_X
M0675,Med_675,Antibiotic,263,73.16,Pharma_Y
M0676,Med_676,Analgesic,442,96.13,Pharma_Z
M0677,Med_677,Antibiotic,85,43.02,Pharma_A
M0678,Med_678,Antipyretic,161,47.67,Pharma_B
M0679,Med_679,Antipyretic,189,57.11,Pharma_C
M0680,Med_680,Analgesic,325,18.94,Pharma_D
M0681,Med_681,Antipyretic,385,37.81,Pharma_E
M0682,Med_682,Analgesic,354,44.16,Pharma_F
M0683,Med_683,Antiseptic,408,46.95,Pharma_G
M0684,Med_684,Antipyretic,262,96.35,Pharma_H
M0685,Med_685,Antipyretic,402,9.47,Pharma_I
M0686,Med_686,Antipyretic,383,76.24,Pharma_J
M0687,Med_687,Analgesic,375,70.54,Pharma_K
M0688,Med_688,Antiseptic,111,9.8,Pharma_L
M0689,Med_689,Antipyretic,55,90.69,Pharma_M
M0690,Med_690,Antipyretic,103,44.43,Pharma_N
M0691,Med_691,Analgesic,62,73.84,Pharma_O
M0692,Med_692,Analgesic,217,38.07,Pharma_P
M0693,Med_693,Analgesic,437,81.81,Pharma_Q
M0694,Med_694,Antiseptic,367,10.67,Pharma_R
M0695,Med_695,Antiseptic,472,10.04,Pharma_S
M0696,Med_696,Antibiotic,296,93.12,Pharma_T
M0697,Med_697,Antipyretic,159,24.92,Pharma_U
M0698,Med_698,Antipyretic,66,67.64,Pharma_V
M0699,Med_699,Antipyretic,104,5.93,Pharma_W
M0700,Med_700,Analgesic,88,42.67,Pharma_X
M0701,Med_701,Antibiotic,217,18.26,Pharma_Y
M0702,Med_702,Antibiotic,351,33.79,Pharma_Z
M0703,Med_703,Antipyretic,126,67.66,Pharma_A
M0704,Med_704,Antipyretic,251,5.82,Pharma_B
M0705,Med_705,Antiseptic,121,86.74,Pharma_C
M0706,Med_706,Antipyretic,186,72.13,Pharma_D
M0707,Med_707,Antipyretic,97,49.87,Pharma_E
M0708,Med_708,Analgesic,65,40.83,Pharma_F
M0709,Med_709,Antiseptic,141,75.79,Pharma_G
M0710,Med_710,Antiseptic,466,47.36,Pharma_H
M0711,Med_711,Antipyretic,141,24.27,Pharma_I
M0712,Med_712,Analgesic,480,36.74,Pharma_J
M0713,Med_713,Analgesic,386,81.82,Pharma_K
M0714,Med_714,Antipyretic,281,94.37,Pharma_L
M0715,Med_715,Analgesic,100,8.06,Pharma_M
M0716,Med_716,Antiseptic,495,42.33,Pharma_N
M0717,Med_717,Analgesic,422,86.88,Pharma_O
M0718,Med_718,Analgesic,225,14.53,Pharma_P
M0719,Med_719,Antipyretic,353,61.75,Pharma_Q
M0720,Med_720,Antiseptic,376,19.15,Pharma_R
M0721,Med_721,Antiseptic,222,66.41,Pharma_S
M0722,Med_722,Antipyretic,208,26.28,Pharma_T
M0723,Med_723,Antiseptic,110,73.29,Pharma_U
M0724,Med_724,Antiseptic,303,65.07,Pharma_V
M0725,Med_725,Antiseptic,223,68.07,Pharma_W
M0726,Med_726,Analgesic,433,41.14,Pharma_X
M0727,Med_727,Antipyretic,171,19.89,Pharma_Y
M0728,Med_728,Antipyretic,500,87.19,Pharma_Z
M0729,Med_729,Analgesic,151,80.51,Pharma_A
M0730,Med_730,Antipyretic,294,20.16,Pharma_B
M0731,Med_731,Antibiotic,498,77.08,Pharma_C
M0732,Med_732,Antipyretic,314,84.19,Pharma_D
M0733,Med_733,Analgesic,188,8.48,Pharma_E
M0734,Med_734,Analgesic,166,49.4,Pharma_F
M0735,Med_735,Analgesic,426,75.28,Pharma_G
M0736,Med_736,Analgesic,293,86.82,Pharma_H
M0737,Med_737,Antipyretic,332,96.16,Pharma_I
M0738,Med_738,Antibiotic,228,42.65,Pharma_J
M0739,Med_739,Antiseptic,481,47.05,Pharma_K
M0740,Med_740,Antiseptic,209,75.21,Pharma_L
M0741,Med_741,Antiseptic,477,55.92,Pharma_M
M0742,Med_742,Antiseptic,149,80.8,Pharma_N
M0743,Med_743,Antiseptic,116,59.7,Pharma_O
M0744,Med_744,Analgesic,269,78.07,Pharma_P
M0745,Med_745,Analgesic,305,46.74,Pharma_Q
M0746,Med_746,Antibiotic,253,71.9,Pharma_R
M0747,Med_747,Antipyretic,219,33.41,Pharma_S
M0748,Med_748,Antibiotic,50,65.16,Pharma_T
M0749,Med_749,Antibiotic,416,72.85,Pharma_U
M0750,Med_750,Antiseptic,332,90.26,Pharma_V
M0751,Med_751,Antibiotic,273,28.67,Pharma_W
M0752,Med_752,Antibiotic,486,56.25,Pharma_X
M0753,Med_753,Analgesic,455,76.98,Pharma_Y
M0754,Med_754,Antipyretic,474,31.12,Pharma_Z
M0755,Med_755,Analgesic,113,80.36,Pharma_A
M0756,Med_756,Antipyretic,208,58.5,Pharma_B
M0757,Med_757,Antibiotic,359,50.59,Pharma_C
M0758,Med_758,Antipyretic,306,94.88,Pharma_D
M0759,Med_759,Antibiotic,414,69.65,Pharma_E
M0760,Med_760,Antipyretic,412,70.37,Pharma_F
M0761,Med_761,Antiseptic,243,10.26,Pharma_G
M0762,Med_762,Analgesic,481,43.78,Pharma_H
M0763,Med_763,Antipyretic,136,43.08,Pharma_I
M0764,Med_764,Antipyretic,311,21.44,Pharma_J
M0765,Med_765,Antiseptic,453,78.52,Pharma_K
M0766,Med_766,Antibiotic,207,92.66,Pharma_L
M0767,Med_767,Antiseptic,191,19.6,Pharma_M
M0768,Med_768,Analgesic,304,51.57,Pharma_N
M0769,Med_769,Antibiotic,433,16.14,Pharma_O
M0770,Med_770,Antiseptic,367,33.48,Pharma_P
M0771,Med_771,Antibiotic,383,92.46,Pharma_Q
M0772,Med_772,Antiseptic,202,27.65,Pharma_R
M0773,Med_773,Antibiotic,431,15.53,Pharma_S
M0774,Med_774,Analgesic,264,15.96,Pharma_T
M0775,Med_775,Antipyretic,417,27.38,Pharma_U
M0776,Med_776,Antibiotic,299,25.95,Pharma_V
M0777,Med_777,Analgesic,304,43.42,Pharma_W
M0778,Med_778,Analgesic,179,12.54,Pharma_X
M0779,Med_779,Antiseptic,483,72.99,Pharma_Y
M0780,Med_780,Antipyretic,71,41.75,Pharma_Z
M0781,Med_781,Antibiotic,286,94.86,Pharma_A
M0782,Med_782,Antiseptic,244,37.35,Pharma_B
M0783,Med_783,Analgesic,486,70.6,Pharma_C
M0784,Med_784,Antiseptic,432,24.76,Pharma_D
M0785,Med_785,Antipyretic,181,30.59,Pharma_E
M0786,Med_786,Antibiotic,148,86.43,Pharma_F
M0787,Med_787,Analgesic,337,48.61,Pharma_G
M0788,Med_788,Antipyretic,369,89.47,Pharma_H
M0789,Med_789,Antibiotic,192,64.13,Pharma_I
M0790,Med_790,Antibiotic,480,78.75,Pharma_J
M0791,Med_791,Antipyretic,331,68.52,Pharma_K
M0792,Med_792,Antiseptic,184,88.59,Pharma_L
M0793,Med_793,Antipyretic,340,32.37,Pharma_M
M0794,Med_794,Antiseptic,344,15.09,Pharma_N
M0795,Med_795,Antibiotic,202,81.98,Pharma_O
M0796,Med_796,Antiseptic,420,85.28,Pharma_P
M0797,Med_797,Antibiotic,377,75.94,Pharma_Q
M0798,Med_798,Analgesic,383,51.29,Pharma_R
M0799,Med_799,Analgesic,410,6.42,Pharma_S
M0800,Med_800,Analgesic,447,36.36,Pharma_T
M0801,Med_801,Antibiotic,236,76.04,Pharma_U
M0802,Med_802,Antiseptic,399,99.23,Pharma_V
M0803,Med_803,Antiseptic,102,34.28,Pharma_W
M0804,Med_804,Antipyretic,312,67.81,Pharma_X
M0805,Med_805,Analgesic,440,64.05,Pharma_Y
M0806,Med_806,Antibiotic,140,57.84,Pharma_Z
M0807,Med_807,Analgesic,71,98.55,Pharma_A
M0808,Med_808,Antiseptic,329,8.47,Pharma_B
M0809,Med_809,Antipyretic,285,14.34,Pharma_C
M0810,Med_810,Analgesic,142,89.4,Pharma_D
M0811,Med_811,Antibiotic,116,82.17,Pharma_E
M0812,Med_812,Analgesic,429,51.03,Pharma_F
M0813,Med_813,Analgesic,420,74.16,Pharma_G
M0814,Med_814,Antiseptic,493,36.75,Pharma_H
M0815,Med_815,Antipyretic,256,36.37,Pharma_I
M0816,Med_816,Antiseptic,328,37.38,Pharma_J
M0817,Med_817,Antibiotic,182,72.5,Pharma_K
M0818,Med_818,Antibiotic,412,28.39,Pharma_L
M0819,Med_819,Analgesic,166,86.82,Pharma_M
M0820,Med_820,Antipyretic,353,7.8,Pharma_N
M0821,Med_821,Antiseptic,156,40.66,Pharma_O
M0822,Med_822,Antipyretic,155,37.08,Pharma_P
M0823,Med_823,Antiseptic,138,8.03,Pharma_Q
M0824,Med_824,Antiseptic,485,83.88,Pharma_R
M0825,Med_825,Antibiotic,478,39.71,Pharma_S
M0826,Med_826,Antibiotic,450,6.94,Pharma_T
M0827,Med_827,Antiseptic,144,65.57,Pharma_U
M0828,Med_828,Analgesic,328,47.19,Pharma_V
M0829,Med_829,Analgesic,244,91.32,Pharma_W
M0830,Med_830,Analgesic,63,7.5,Pharma_X
M0831,Med_831,Antiseptic,289,97.53,Pharma_Y
M0832,Med_832,Analgesic,472,24,Pharma_Z
M0833,Med_833,Analgesic,339,28.26,Pharma_A
M0834,Med_834,Antiseptic,460,45.28,Pharma_B
M0835,Med_835,Antipyretic,397,66.05,Pharma_C
M0836,Med_836,Antibiotic,386,72.04,Pharma_D
M0837,Med_837,Antiseptic,420,57.77,Pharma_E
M0838,Med_838,Antiseptic,157,60.15,Pharma_F
M0839,Med_839,Analgesic,193,65.35,Pharma_G
M0840,Med_840,Antibiotic,403,69.89,Pharma_H
M0841,Med_841,Analgesic,267,81.36,Pharma_I
M0842,Med_842,Antiseptic,439,11.51,Pharma_J
M0843,Med_843,Antibiotic,72,23.49,Pharma_K
M0844,Med_844,Antibiotic,176,45.59,Pharma_L
M0845,Med_845,Antipyretic,172,16.79,Pharma_M
M0846,Med_846,Antibiotic,330,83.06,Pharma_N
M0847,Med_847,Analgesic,247,69.01,Pharma_O
M0848,Med_848,Antipyretic,252,81.27,Pharma_P
M0849,Med_849,Antipyretic,226,24.29,Pharma_Q
M0850,Med_850,Antipyretic,468,81.63,Pharma_R
M0851,Med_851,Analgesic,224,64.33,Pharma_S
M0852,Med_852,Antipyretic,118,83.77,Pharma_T
M0853,Med_853,Antipyretic,197,73.68,Pharma_U
M0854,Med_854,Antibiotic,308,84.9,Pharma_V
M0855,Med_855,Antipyretic,59,46.32,Pharma_W
M0856,Med_856,Analgesic,302,29.82,Pharma_X
M0857,Med_857,Antibiotic,465,8.75,Pharma_Y
M0858,Med_858,Antiseptic,323,18.75,Pharma_Z
M0859,Med_859,Analgesic,386,22.03,Pharma_A
M0860,Med_860,Antipyretic,277,92.7,Pharma_B
M0861,Med_861,Antipyretic,98,82.82,Pharma_C
M0862,Med_862,Antiseptic,332,50.28,Pharma_D
M0863,Med_863,Antibiotic,440,32.17,Pharma_E
M0864,Med_864,Antibiotic,453,86.33,Pharma_F
M0865,Med_865,Antiseptic,352,14.24,Pharma_G
M0866,Med_866,Analgesic,313,32.56,Pharma_H
M0867,Med_867,Antipyretic,68,50.37,Pharma_I
M0868,Med_868,Antibiotic,315,78.24,Pharma_J
M0869,Med_869,Antiseptic,438,25.23,Pharma_K
M0870,Med_870,Analgesic,79,9.96,Pharma_L
M0871,Med_871,Antiseptic,230,65.61,Pharma_M
M0872,Med_872,Antibiotic,303,68.88,Pharma_N
M0873,Med_873,Antibiotic,407,97.15,Pharma_O
M0874,Med_874,Analgesic,134,7.19,Pharma_P
M0875,Med_875,Antibiotic,481,95.99,Pharma_Q
M0876,Med_876,Antiseptic,426,57.19,Pharma_R
M0877,Med_877,Antibiotic,340,11.09,Pharma_S
M0878,Med_878,Antipyretic,353,53.54,Pharma_T
M0879,Med_879,Antibiotic,391,64.16,Pharma_U
M0880,Med_880,Antibiotic,282,25.4,Pharma_V
M0881,Med_881,Antiseptic,127,77.8,Pharma_W
M0882,Med_882,Antiseptic,458,93.71,Pharma_X
M0883,Med_883,Antibiotic,260,52.23,Pharma_Y
M0884,Med_884,Antibiotic,466,80.15,Pharma_Z
M0885,Med_885,Analgesic,162,22.58,Pharma_A
M0886,Med_886,Antipyretic,427,36.84,Pharma_B
M0887,Med_887,Antibiotic,267,97.3,Pharma_C
M0888,Med_888,Antiseptic,452,40.23,Pharma_D
M0889,Med_889,Antipyretic,309,85.57,Pharma_E
M0890,Med_890,Antibiotic,402,14.87,Pharma_F
M0891,Med_891,Antipyretic,380,34.11,Pharma_G
M0892,Med_892,Antiseptic,493,9.78,Pharma_H
M0893,Med_893,Antipyretic,239,46.03,Pharma_I
M0894,Med_894,Analgesic,173,52.57,Pharma_J
M0895,Med_895,Analgesic,127,16.67,Pharma_K
M0896,Med_896,Antibiotic,362,72.61,Pharma_L
M0897,Med_897,Antipyretic,140,28.04,Pharma_M
M0898,Med_898,Antipyretic,456,21.49,Pharma_N
M0899,Med_899,Analgesic,240,85.61,Pharma_O
M0900,Med_900,Antibiotic,420,13.36,Pharma_P
M0901,Med_901,Antipyretic,383,86.11,Pharma_Q
M0902,Med_902,Antibiotic,93,27.31,Pharma_R
M0903,Med_903,Antiseptic,182,10.48,Pharma_S
M0904,Med_904,Antiseptic,102,48.51,Pharma_T
M0905,Med_905,Antibiotic,351,24.96,Pharma_U
M0906,Med_906,Antiseptic,280,81.43,Pharma_V
M0907,Med_907,Analgesic,305,53.43,Pharma_W
M0908,Med_908,Antipyretic,301,80.52,Pharma_X
M0909,Med_909,Antibiotic,431,57.52,Pharma_Y
M0910,Med_910,Antipyretic,493,27.62,Pharma_Z
M0911,Med_911,Antipyretic,374,79.25,Pharma_A
M0912,Med_912,Antipyretic,162,30.48,Pharma_B
M0913,Med_913,Analgesic,229,65.51,Pharma_C
M0914,Med_914,Antipyretic,300,81.57,Pharma_D
M0915,Med_915,Antiseptic,412,66.99,Pharma_E
M0916,Med_916,Analgesic,247,16.73,Pharma_F
M0917,Med_917,Analgesic,161,64.36,Pharma_G
M0918,Med_918,Antiseptic,303,48.22,Pharma_H
M0919,Med_919,Analgesic,239,50.32,Pharma_I
M0920,Med_920,Antibiotic,354,24.15,Pharma_J
M0921,Med_921,Antiseptic,441,17.51,Pharma_K
M0922,Med_922,Antipyretic,129,24.04,Pharma_L
M0923,Med_923,Antibiotic,344,95.31,Pharma_M
M0924,Med_924,Antiseptic,416,81.89,Pharma_N
M0925,Med_925,Antipyretic,263,74.94,Pharma_O
M0926,Med_926,Analgesic,159,26.49,Pharma_P
M0927,Med_927,Antiseptic,283,98.17,Pharma_Q
M0928,Med_928,Analgesic,173,72.4,Pharma_R
M0929,Med_929,Antipyretic,268,9.73,Pharma_S
M0930,Med_930,Analgesic,306,55.26,Pharma_T
M0931,Med_931,Antiseptic,384,66.93,Pharma_U
M0932,Med_932,Antibiotic,205,49.91,Pharma_V
M0933,Med_933,Antipyretic,135,68.43,Pharma_W
M0934,Med_934,Antiseptic,344,5.86,Pharma_X
M0935,Med_935,Analgesic,177,36.94,Pharma_Y
M0936,Med_936,Antiseptic,105,54.48,Pharma_Z
M0937,Med_937,Analgesic,97,94.09,Pharma_A
M0938,Med_938,Analgesic,424,72.48,Pharma_B
M0939,Med_939,Antibiotic,493,97.56,Pharma_C
M0940,Med_940,Antipyretic,86,77.28,Pharma_D
M0941,Med_941,Antibiotic,455,30.42,Pharma_E
M0942,Med_942,Antibiotic,240,36.78,Pharma_F
M0943,Med_943,Antipyretic,330,8.79,Pharma_G
M0944,Med_944,Antibiotic,123,14.44,Pharma_H
M0945,Med_945,Antipyretic,114,67.25,Pharma_I
M0946,Med_946,Antipyretic,476,11.81,Pharma_J
M0947,Med_947,Antipyretic,300,30.06,Pharma_K
M0948,Med_948,Antipyretic,188,12.11,Pharma_L
M0949,Med_949,Antiseptic,124,26.48,Pharma_M
M0950,Med_950,Analgesic,158,23.72,Pharma_N
M0951,Med_951,Analgesic,299,6.38,Pharma_O
M0952,Med_952,Analgesic,371,98.71,Pharma_P
M0953,Med_953,Antibiotic,275,32.93,Pharma_Q
M0954,Med_954,Analgesic,207,58.44,Pharma_R
M0955,Med_955,Antibiotic,398,71.4,Pharma_S
M0956,Med_956,Analgesic,463,25.79,Pharma_T
M0957,Med_957,Antiseptic,380,30.62,Pharma_U
M0958,Med_958,Antibiotic,360,15.87,Pharma_V
M0959,Med_959,Antipyretic,456,58.8,Pharma_W
M0960,Med_960,Analgesic,404,54.35,Pharma_X
M0961,Med_961,Antiseptic,75,96.27,Pharma_Y
M0962,Med_962,Antiseptic,353,30.87,Pharma_Z
M0963,Med_963,Antiseptic,107,42.07,Pharma_A
M0964,Med_964,Analgesic,448,62.61,Pharma_B
M0965,Med_965,Analgesic,133,43.53,Pharma_C
M0966,Med_966,Antibiotic,112,20.19,Pharma_D
M0967,Med_967,Antiseptic,361,70.19,Pharma_E
M0968,Med_968,Antipyretic,157,81.72,Pharma_F
M0969,Med_969,Antipyretic,340,20.74,Pharma_G
M0970,Med_970,Analgesic,465,56.73,Pharma_H
M0971,Med_971,Antiseptic,78,77.63,Pharma_I
M0972,Med_972,Antibiotic,53,35.25,Pharma_J
M0973,Med_973,Antiseptic,493,40.24,Pharma_K
M0974,Med_974,Antibiotic,334,60.26,Pharma_L
M0975,Med_975,Antipyretic,214,85.11,Pharma_M
M0976,Med_976,Antipyretic,246,80.94,Pharma_N
M0977,Med_977,Antipyretic,490,80.53,Pharma_O
M0978,Med_978,Analgesic,75,85.51,Pharma_P
M0979,Med_979,Antiseptic,126,18.57,Pharma_Q
M0980,Med_980,Analgesic,418,79.67,Pharma_R
M0981,Med_981,Antibiotic,419,42.72,Pharma_S
M0982,Med_982,Antiseptic,398,93.14,Pharma_T
M0983,Med_983,Antiseptic,488,19.68,Pharma_U
M0984,Med_984,Antipyretic,85,83.29,Pharma_V
M0985,Med_985,Analgesic,397,17.59,Pharma_W
M0986,Med_986,Antiseptic,234,55.05,Pharma_X
M0987,Med_987,Analgesic,129,56.35,Pharma_Y
M0988,Med_988,Antiseptic,134,26.07,Pharma_Z
M0989,Med_989,Antiseptic,476,32.09,Pharma_A
M0990,Med_990,Antiseptic,88,13.84,Pharma_B
M0991,Med_991,Antibiotic,286,40.55,Pharma_C
M0992,Med_992,Analgesic,291,85.94,Pharma_D
M0993,Med_993,Analgesic,433,34.79,Pharma_E
M0994,Med_994,Antiseptic,405,74.5,Pharma_F
M0995,Med_995,Antiseptic,299,96.04,Pharma_G
M0996,Med_996,Antipyretic,446,16.62,Pharma_H
M0997,Med_997,Antipyretic,320,65.46,Pharma_I
M0998,Med_998,Antibiotic,401,54,Pharma_J
M0999,Med_999,Antibiotic,50,97.69,Pharma_K
M1000,Med_1000,Antipyretic,472,93.43,Pharma_L
